{
  "type": "FeatureCollection",
  "features": [
    {
      "type": "Feature",
      "properties": {
        "name": "Sun",
        "type": "Star"
      },
      "geometry": {
        "type": "Polygon",
        "coordinates": [
          [
            [0, 50], [35.36, 35.36], [50, 0], [35.36, -35.36], [0, -50], [-35.36, -35.36], [-50, 0], [-35.36, 35.36], [0, 50]
          ]
        ]
      }
    },
    {
      "type": "Feature",
      "properties": {
        "name": "Mercury",
        "type": "Planet"
      },
      "geometry": {
        "type": "Polygon",
        "coordinates": [
          [
            [57.9, 0.5], [58.4, 0], [57.9, -0.5], [57.4, 0], [57.9, 0.5]
          ]
        ]
      }
    },
    {
      "type": "Feature",
      "properties": {
        "name": "Venus",
        "type": "Planet"
      },
      "geometry": {
        "type": "Polygon",
        "coordinates": [
          [
            [108.2, 1], [109.2, 0], [108.2, -1], [107.2, 0], [108.2, 1]
          ]
        ]
      }
    },
    {
      "type": "Feature",
      "properties": {
        "name": "Earth",
        "type": "Planet"
      },
      "geometry": {
        "type": "Polygon",
        "coordinates": [
          [
            [149.6, 1], [150.6, 0], [149.6, -1], [148.6, 0], [149.6, 1]
          ]
        ]
      }
    },
    {
      "type": "Feature",
      "properties": {
        "name": "Moon",
        "type": "Moon"
      },
      "geometry": {
        "type": "Polygon",
        "coordinates": [
          [
            [149.984, 0.27], [150.254, 0], [149.984, -0.27], [149.714, 0], [149.984, 0.27]
          ]
        ]
      }
    },
    {
      "type": "Feature",
      "properties": {
        "name": "Mars",
        "type": "Planet"
      },
      "geometry": {
        "type": "Polygon",
        "coordinates": [
          [
            [227.9, 0.5], [228.4, 0], [227.9, -0.5], [227.4, 0], [227.9, 0.5]
          ]
        ]
      }
    },
    {
      "type": "Feature",
      "properties": {
        "name": "Phobos",
        "type": "Moon"
      },
      "geometry": {
        "type": "Polygon",
        "coordinates": [
          [
            [227.9009, 0.006], [227.9069, 0], [227.9009, -0.006], [227.8949, 0], [227.9009, 0.006]
          ]
        ]
      }
    },
    {
      "type": "Feature",
      "properties": {
        "name": "Deimos",
        "type": "Moon"
      },
      "geometry": {
        "type": "Polygon",
        "coordinates": [
          [
            [227.9023, 0.003], [227.9053, 0], [227.9023, -0.003], [227.8993, 0], [227.9023, 0.003]
          ]
        ]
      }
    },
    {
      "type": "Feature",
      "properties": {
        "name": "Jupiter",
        "type": "Planet"
      },
      "geometry": {
        "type": "Polygon",
        "coordinates": [
          [
            [778.5, 11], [789.5, 0], [778.5, -11], [767.5, 0], [778.5, 11]
          ]
        ]
      }
    },
    {
      "type": "Feature",
      "properties": {
        "name": "Saturn",
        "type": "Planet"
      },
      "geometry": {
        "type": "Polygon",
        "coordinates": [
          [
            [1433.5, 9], [1442.5, 0], [1433.5, -9], [1424.5, 0], [1433.5, 9]
          ]
        ]
      }
    },
    {
      "type": "Feature",
      "properties": {
        "name": "Uranus",
        "type": "Planet"
      },
      "geometry": {
        "type": "Polygon",
        "coordinates": [
          [
            [2872.5, 4], [2876.5, 0], [2872.5, -4], [2868.5, 0], [2872.5, 4]
          ]
        ]
      }
    },
    {
      "type": "Feature",
      "properties": {
        "name": "Neptune",
        "type": "Planet"
      },
      "geometry": {
        "type": "Polygon",
        "coordinates": [
          [
            [4495.1, 4], [4499.1, 0], [4495.1, -4], [4491.1, 0], [4495.1, 4]
          ]
        ]
      }
    },
    {
      "type": "Feature",
      "properties": {
        "name": "Mercury Orbit",
        "type": "Orbit"
      },
      "geometry": {
        "type": "LineString",
        "coordinates": [
    [
        57.9,
        0
    ],
    [
        57.78574757599692,
        3.635571080747244
    ],
    [
        57.44344120610827,
        7.256794223373216
    ],
    [
        56.87443181719107,
        10.849378114513456
    ],
    [
        56.08096502934774,
        14.399144466845092
    ],
    [
        55.06617229348939,
        17.892083974309454
    ],
    [
        53.83405853292975,
        21.314411600442853
    ],
    [
        52.38948633778253,
        24.65262098161771
    ],
    [
        50.7381567745397,
        27.893537730489317
    ],
    [
        48.88658688656667,
        31.024371429283907
    ],
    [
        46.84208397430945,
        34.0327661077342
    ],
    [
        44.61271675671819,
        36.906849006449136
    ],
    [
        42.20728352769973,
        39.63527743327108
    ],
    [
        39.63527743327107,
        42.20728352769973
    ],
    [
        36.90684900644913,
        44.6127167567182
    ],
    [
        34.03276610773419,
        46.84208397430945
    ],
    [
        31.0243714292839,
        48.88658688656667
    ],
    [
        27.893537730489307,
        50.7381567745397
    ],
    [
        24.652620981617705,
        52.38948633778253
    ],
    [
        21.31441160044285,
        53.83405853292976
    ],
    [
        17.892083974309458,
        55.06617229348939
    ],
    [
        14.399144466845089,
        56.08096502934774
    ],
    [
        10.84937811451345,
        56.87443181719107
    ],
    [
        7.256794223373216,
        57.44344120610827
    ],
    [
        3.63557108074724,
        57.78574757599692
    ],
    [
        -9.311030141627724e-15,
        57.9
    ],
    [
        -3.635571080747246,
        57.78574757599692
    ],
    [
        -7.256794223373223,
        57.44344120610826
    ],
    [
        -10.849378114513467,
        56.874431817191066
    ],
    [
        -14.399144466845096,
        56.08096502934774
    ],
    [
        -17.892083974309465,
        55.06617229348939
    ],
    [
        -21.314411600442853,
        53.83405853292975
    ],
    [
        -24.65262098161771,
        52.38948633778253
    ],
    [
        -27.893537730489324,
        50.738156774539696
    ],
    [
        -31.024371429283917,
        48.88658688656667
    ],
    [
        -34.03276610773419,
        46.84208397430945
    ],
    [
        -36.906849006449136,
        44.6127167567182
    ],
    [
        -39.63527743327108,
        42.20728352769972
    ],
    [
        -42.20728352769974,
        39.635277433271064
    ],
    [
        -44.6127167567182,
        36.90684900644912
    ],
    [
        -46.84208397430945,
        34.0327661077342
    ],
    [
        -48.88658688656667,
        31.024371429283907
    ],
    [
        -50.7381567745397,
        27.89353773048931
    ],
    [
        -52.38948633778253,
        24.652620981617698
    ],
    [
        -53.83405853292976,
        21.314411600442842
    ],
    [
        -55.066172293489394,
        17.892083974309436
    ],
    [
        -56.08096502934774,
        14.399144466845094
    ],
    [
        -56.87443181719107,
        10.849378114513453
    ],
    [
        -57.44344120610827,
        7.256794223373206
    ],
    [
        -57.78574757599692,
        3.635571080747231
    ],
    [
        -57.9,
        -1.862206028325545e-14
    ],
    [
        -57.78574757599692,
        -3.635571080747243
    ],
    [
        -57.44344120610827,
        -7.256794223373218
    ],
    [
        -56.874431817191066,
        -10.849378114513463
    ],
    [
        -56.08096502934774,
        -14.399144466845105
    ],
    [
        -55.06617229348939,
        -17.89208397430947
    ],
    [
        -53.834058532929745,
        -21.314411600442874
    ],
    [
        -52.38948633778253,
        -24.652620981617705
    ],
    [
        -50.738156774539696,
        -27.89353773048932
    ],
    [
        -48.88658688656667,
        -31.024371429283914
    ],
    [
        -46.842083974309446,
        -34.032766107734204
    ],
    [
        -44.612716756718186,
        -36.90684900644915
    ],
    [
        -42.20728352769973,
        -39.63527743327108
    ],
    [
        -39.63527743327107,
        -42.20728352769973
    ],
    [
        -36.90684900644912,
        -44.6127167567182
    ],
    [
        -34.0327661077342,
        -46.84208397430945
    ],
    [
        -31.024371429283885,
        -48.88658688656668
    ],
    [
        -27.893537730489314,
        -50.7381567745397
    ],
    [
        -24.652620981617677,
        -52.38948633778254
    ],
    [
        -21.314411600442845,
        -53.83405853292976
    ],
    [
        -17.892083974309465,
        -55.06617229348939
    ],
    [
        -14.39914446684507,
        -56.080965029347745
    ],
    [
        -10.849378114513456,
        -56.87443181719107
    ],
    [
        -7.256794223373186,
        -57.44344120610827
    ],
    [
        -3.635571080747235,
        -57.78574757599692
    ],
    [
        -1.0636057450594761e-14,
        -57.9
    ],
    [
        3.6355710807472645,
        -57.78574757599692
    ],
    [
        7.256794223373214,
        -57.44344120610827
    ],
    [
        10.849378114513485,
        -56.874431817191066
    ],
    [
        14.399144466845101,
        -56.08096502934774
    ],
    [
        17.892083974309443,
        -55.066172293489394
    ],
    [
        21.31441160044287,
        -53.834058532929745
    ],
    [
        24.6526209816177,
        -52.38948633778253
    ],
    [
        27.89353773048934,
        -50.73815677453969
    ],
    [
        31.024371429283914,
        -48.88658688656667
    ],
    [
        34.032766107734226,
        -46.84208397430943
    ],
    [
        36.90684900644915,
        -44.612716756718186
    ],
    [
        39.63527743327107,
        -42.20728352769973
    ],
    [
        42.207283527699744,
        -39.63527743327105
    ],
    [
        44.6127167567182,
        -36.90684900644913
    ],
    [
        46.842083974309475,
        -34.03276610773416
    ],
    [
        48.88658688656668,
        -31.024371429283885
    ],
    [
        50.7381567745397,
        -27.893537730489317
    ],
    [
        52.389486337782536,
        -24.65262098161768
    ],
    [
        53.83405853292976,
        -21.31441160044285
    ],
    [
        55.0661722934894,
        -17.89208397430942
    ],
    [
        56.080965029347745,
        -14.399144466845074
    ],
    [
        56.87443181719107,
        -10.84937811451346
    ],
    [
        57.44344120610827,
        -7.2567942233731895
    ],
    [
        57.78574757599692,
        -3.635571080747238
    ],
    [
        57.9,
        0
    ]
]
      }
    },
    {
      "type": "Feature",
      "properties": {
        "name": "Venus Orbit",
        "type": "Orbit"
      },
      "geometry": {
        "type": "LineString",
        "coordinates": [
    [
        108.2,
        0
    ],
    [
        107.98649201593899,
        6.793934213071707
    ],
    [
        107.3468106822265,
        13.561055871657722
    ],
    [
        106.28348052884412,
        20.274658238175405
    ],
    [
        104.80069803411789,
        26.908245791237288
    ],
    [
        102.90431506313561,
        33.43563879136931
    ],
    [
        100.6018157731088,
        39.831076600482156
    ],
    [
        97.90228707682331,
        46.069319347340866
    ],
    [
        94.81638278074604,
        52.1257475378056
    ],
    [
        91.35628153931803,
        57.97645921672744
    ],
    [
        87.53563879136932,
        63.598364298045595
    ],
    [
        83.36953286834039,
        68.96927569080823
    ],
    [
        78.87440548699674,
        74.06799686148412
    ],
    [
        74.0679968614841,
        78.87440548699674
    ],
    [
        68.96927569080822,
        83.3695328683404
    ],
    [
        63.59836429804558,
        87.53563879136932
    ],
    [
        57.97645921672743,
        91.35628153931803
    ],
    [
        52.12574753780558,
        94.81638278074605
    ],
    [
        46.069319347340866,
        97.90228707682333
    ],
    [
        39.83107660048215,
        100.60181577310881
    ],
    [
        33.435638791369314,
        102.90431506313561
    ],
    [
        26.908245791237285,
        104.80069803411789
    ],
    [
        20.274658238175395,
        106.28348052884412
    ],
    [
        13.561055871657722,
        107.3468106822265
    ],
    [
        6.7939342130717,
        107.98649201593899
    ],
    [
        -1.7399887069501207e-14,
        108.2
    ],
    [
        -6.793934213071711,
        107.98649201593899
    ],
    [
        -13.561055871657732,
        107.34681068222649
    ],
    [
        -20.274658238175427,
        106.28348052884411
    ],
    [
        -26.908245791237295,
        104.80069803411789
    ],
    [
        -33.43563879136933,
        102.90431506313561
    ],
    [
        -39.831076600482156,
        100.6018157731088
    ],
    [
        -46.069319347340866,
        97.90228707682331
    ],
    [
        -52.12574753780561,
        94.81638278074603
    ],
    [
        -57.97645921672746,
        91.35628153931802
    ],
    [
        -63.59836429804558,
        87.53563879136932
    ],
    [
        -68.96927569080823,
        83.3695328683404
    ],
    [
        -74.06799686148412,
        78.87440548699672
    ],
    [
        -78.87440548699675,
        74.0679968614841
    ],
    [
        -83.36953286834041,
        68.9692756908082
    ],
    [
        -87.53563879136931,
        63.59836429804561
    ],
    [
        -91.35628153931803,
        57.97645921672744
    ],
    [
        -94.81638278074604,
        52.12574753780559
    ],
    [
        -97.90228707682333,
        46.069319347340844
    ],
    [
        -100.60181577310881,
        39.831076600482135
    ],
    [
        -102.90431506313563,
        33.43563879136928
    ],
    [
        -104.80069803411789,
        26.90824579123729
    ],
    [
        -106.28348052884412,
        20.274658238175398
    ],
    [
        -107.3468106822265,
        13.561055871657704
    ],
    [
        -107.98649201593899,
        6.793934213071681
    ],
    [
        -108.2,
        -3.479977413900242e-14
    ],
    [
        -107.98649201593899,
        -6.793934213071704
    ],
    [
        -107.3468106822265,
        -13.561055871657723
    ],
    [
        -106.28348052884411,
        -20.27465823817542
    ],
    [
        -104.80069803411789,
        -26.908245791237313
    ],
    [
        -102.90431506313561,
        -33.43563879136934
    ],
    [
        -100.60181577310878,
        -39.83107660048219
    ],
    [
        -97.90228707682331,
        -46.069319347340866
    ],
    [
        -94.81638278074603,
        -52.12574753780561
    ],
    [
        -91.35628153931802,
        -57.97645921672745
    ],
    [
        -87.5356387913693,
        -63.59836429804562
    ],
    [
        -83.36953286834037,
        -68.96927569080826
    ],
    [
        -78.87440548699674,
        -74.06799686148412
    ],
    [
        -74.0679968614841,
        -78.87440548699674
    ],
    [
        -68.9692756908082,
        -83.36953286834041
    ],
    [
        -63.59836429804561,
        -87.53563879136931
    ],
    [
        -57.976459216727406,
        -91.35628153931806
    ],
    [
        -52.125747537805594,
        -94.81638278074604
    ],
    [
        -46.06931934734081,
        -97.90228707682334
    ],
    [
        -39.83107660048214,
        -100.60181577310881
    ],
    [
        -33.43563879136933,
        -102.90431506313561
    ],
    [
        -26.90824579123725,
        -104.8006980341179
    ],
    [
        -20.274658238175405,
        -106.28348052884412
    ],
    [
        -13.561055871657665,
        -107.3468106822265
    ],
    [
        -6.793934213071689,
        -107.98649201593899
    ],
    [
        -1.9876017550161542e-14,
        -108.2
    ],
    [
        6.793934213071744,
        -107.98649201593899
    ],
    [
        13.561055871657718,
        -107.3468106822265
    ],
    [
        20.27465823817546,
        -106.28348052884411
    ],
    [
        26.908245791237306,
        -104.80069803411789
    ],
    [
        33.43563879136929,
        -102.90431506313563
    ],
    [
        39.83107660048219,
        -100.60181577310878
    ],
    [
        46.06931934734086,
        -97.90228707682333
    ],
    [
        52.125747537805644,
        -94.81638278074603
    ],
    [
        57.97645921672745,
        -91.35628153931802
    ],
    [
        63.59836429804565,
        -87.53563879136927
    ],
    [
        68.96927569080826,
        -83.36953286834037
    ],
    [
        74.0679968614841,
        -78.87440548699674
    ],
    [
        78.87440548699676,
        -74.06799686148408
    ],
    [
        83.36953286834041,
        -68.96927569080822
    ],
    [
        87.53563879136935,
        -63.59836429804554
    ],
    [
        91.35628153931806,
        -57.976459216727406
    ],
    [
        94.81638278074604,
        -52.1257475378056
    ],
    [
        97.90228707682333,
        -46.069319347340816
    ],
    [
        100.60181577310881,
        -39.83107660048215
    ],
    [
        102.90431506313564,
        -33.43563879136924
    ],
    [
        104.8006980341179,
        -26.908245791237256
    ],
    [
        106.28348052884412,
        -20.274658238175412
    ],
    [
        107.3468106822265,
        -13.56105587165767
    ],
    [
        107.98649201593899,
        -6.7939342130716955
    ],
    [
        108.2,
        0
    ]
]
      }
    },
    {
      "type": "Feature",
      "properties": {
        "name": "Earth Orbit",
        "type": "Orbit"
      },
      "geometry": {
        "type": "LineString",
        "coordinates": [
    [
        149.6,
        0
    ],
    [
        149.30479857286943,
        9.39346172158528
    ],
    [
        148.4203593166459,
        18.749851741219917
    ],
    [
        146.95017270901184,
        28.032244662024404
    ],
    [
        144.9000409048432,
        37.204007119862275
    ],
    [
        142.27805483775495,
        46.22894235849213
    ],
    [
        139.0945622888824,
        55.07143308162782
    ],
    [
        135.3621270489165,
        63.696582018134876
    ],
    [
        131.095479334562,
        72.07034964561662
    ],
    [
        126.31145765510145,
        80.1596885288579
    ],
    [
        121.02894235849213,
        87.93267374295398
    ],
    [
        115.26878111925805,
        95.35862886640398
    ],
    [
        109.05370666224316,
        102.40824704693183
    ],
    [
        102.40824704693182,
        109.05370666224316
    ],
    [
        95.35862886640396,
        115.26878111925807
    ],
    [
        87.93267374295397,
        121.02894235849213
    ],
    [
        80.15968852885788,
        126.31145765510145
    ],
    [
        72.07034964561659,
        131.09547933456201
    ],
    [
        63.69658201813487,
        135.36212704891653
    ],
    [
        55.07143308162781,
        139.0945622888824
    ],
    [
        46.228942358492134,
        142.27805483775495
    ],
    [
        37.20400711986227,
        144.9000409048432
    ],
    [
        28.032244662024386,
        146.95017270901184
    ],
    [
        18.749851741219917,
        148.4203593166459
    ],
    [
        9.39346172158527,
        149.30479857286943
    ],
    [
        -2.405751483916248e-14,
        149.6
    ],
    [
        -9.393461721585284,
        149.30479857286943
    ],
    [
        -18.74985174121993,
        148.42035931664586
    ],
    [
        -28.032244662024432,
        146.9501727090118
    ],
    [
        -37.20400711986228,
        144.9000409048432
    ],
    [
        -46.228942358492155,
        142.27805483775495
    ],
    [
        -55.07143308162782,
        139.0945622888824
    ],
    [
        -63.696582018134876,
        135.3621270489165
    ],
    [
        -72.07034964561663,
        131.09547933456196
    ],
    [
        -80.15968852885793,
        126.31145765510144
    ],
    [
        -87.93267374295397,
        121.02894235849213
    ],
    [
        -95.35862886640398,
        115.26878111925807
    ],
    [
        -102.40824704693183,
        109.05370666224314
    ],
    [
        -109.05370666224319,
        102.40824704693179
    ],
    [
        -115.26878111925808,
        95.35862886640395
    ],
    [
        -121.02894235849212,
        87.932673742954
    ],
    [
        -126.31145765510145,
        80.1596885288579
    ],
    [
        -131.095479334562,
        72.07034964561659
    ],
    [
        -135.36212704891653,
        63.69658201813484
    ],
    [
        -139.0945622888824,
        55.07143308162779
    ],
    [
        -142.27805483775498,
        46.228942358492084
    ],
    [
        -144.9000409048432,
        37.20400711986228
    ],
    [
        -146.95017270901184,
        28.032244662024397
    ],
    [
        -148.4203593166459,
        18.749851741219892
    ],
    [
        -149.30479857286943,
        9.393461721585245
    ],
    [
        -149.6,
        -4.8115029678324964e-14
    ],
    [
        -149.30479857286943,
        -9.393461721585275
    ],
    [
        -148.4203593166459,
        -18.74985174121992
    ],
    [
        -146.9501727090118,
        -28.032244662024425
    ],
    [
        -144.9000409048432,
        -37.20400711986231
    ],
    [
        -142.27805483775495,
        -46.228942358492176
    ],
    [
        -139.09456228888237,
        -55.07143308162787
    ],
    [
        -135.3621270489165,
        -63.69658201813487
    ],
    [
        -131.09547933456196,
        -72.07034964561662
    ],
    [
        -126.31145765510144,
        -80.15968852885791
    ],
    [
        -121.0289423584921,
        -87.93267374295401
    ],
    [
        -115.26878111925804,
        -95.35862886640402
    ],
    [
        -109.05370666224316,
        -102.40824704693183
    ],
    [
        -102.40824704693182,
        -109.05370666224316
    ],
    [
        -95.35862886640395,
        -115.26878111925808
    ],
    [
        -87.932673742954,
        -121.02894235849212
    ],
    [
        -80.15968852885784,
        -126.31145765510148
    ],
    [
        -72.0703496456166,
        -131.095479334562
    ],
    [
        -63.69658201813479,
        -135.36212704891656
    ],
    [
        -55.071433081627795,
        -139.0945622888824
    ],
    [
        -46.228942358492155,
        -142.27805483775495
    ],
    [
        -37.20400711986222,
        -144.90004090484322
    ],
    [
        -28.032244662024404,
        -146.95017270901184
    ],
    [
        -18.74985174121984,
        -148.4203593166459
    ],
    [
        -9.393461721585256,
        -149.30479857286943
    ],
    [
        -2.7481074172866604e-14,
        -149.6
    ],
    [
        9.393461721585332,
        -149.30479857286943
    ],
    [
        18.749851741219913,
        -148.4203593166459
    ],
    [
        28.03224466202448,
        -146.9501727090118
    ],
    [
        37.2040071198623,
        -144.9000409048432
    ],
    [
        46.228942358492105,
        -142.27805483775498
    ],
    [
        55.071433081627866,
        -139.09456228888237
    ],
    [
        63.69658201813486,
        -135.36212704891653
    ],
    [
        72.07034964561667,
        -131.09547933456196
    ],
    [
        80.15968852885791,
        -126.31145765510144
    ],
    [
        87.93267374295407,
        -121.02894235849207
    ],
    [
        95.35862886640402,
        -115.26878111925804
    ],
    [
        102.40824704693182,
        -109.05370666224316
    ],
    [
        109.05370666224321,
        -102.40824704693176
    ],
    [
        115.26878111925808,
        -95.35862886640396
    ],
    [
        121.02894235849219,
        -87.9326737429539
    ],
    [
        126.31145765510148,
        -80.15968852885784
    ],
    [
        131.095479334562,
        -72.07034964561662
    ],
    [
        135.36212704891653,
        -63.6965820181348
    ],
    [
        139.0945622888824,
        -55.07143308162781
    ],
    [
        142.278054837755,
        -46.228942358492034
    ],
    [
        144.90004090484322,
        -37.20400711986223
    ],
    [
        146.95017270901184,
        -28.03224466202441
    ],
    [
        148.4203593166459,
        -18.749851741219846
    ],
    [
        149.30479857286943,
        -9.393461721585263
    ],
    [
        149.6,
        0
    ]
]
      }
    },
    {
      "type": "Feature",
      "properties": {
        "name": "Mars Orbit",
        "type": "Orbit"
      },
      "geometry": {
        "type": "LineString",
        "coordinates": [
    [
        227.9,
        0
    ],
    [
        227.45029140880308,
        14.309959400730518
    ],
    [
        226.10294042956951,
        28.563443929304942
    ],
    [
        223.86326444106817,
        42.70420159408664
    ],
    [
        220.74010242121503,
        56.67642528487041
    ],
    [
        216.7457800636655,
        70.42497301805051
    ],
    [
        211.89606113393248,
        83.89558555683811
    ],
    [
        206.21008525700583,
        97.03510054768007
    ],
    [
        199.7102923819965,
        109.79166232778093
    ],
    [
        192.42233422190924,
        122.11492657571334
    ],
    [
        184.37497301805053,
        133.95625899745463
    ],
    [
        175.59996802860235,
        145.2689272637264
    ],
    [
        166.1319501893397,
        156.00828544114816
    ],
    [
        156.00828544114813,
        166.1319501893397
    ],
    [
        145.26892726372637,
        175.59996802860238
    ],
    [
        133.9562589974546,
        184.37497301805053
    ],
    [
        122.11492657571331,
        192.42233422190924
    ],
    [
        109.79166232778088,
        199.71029238199654
    ],
    [
        97.03510054768006,
        206.21008525700586
    ],
    [
        83.89558555683809,
        211.8960611339325
    ],
    [
        70.42497301805052,
        216.7457800636655
    ],
    [
        56.6764252848704,
        220.74010242121503
    ],
    [
        42.70420159408662,
        223.86326444106817
    ],
    [
        28.563443929304942,
        226.10294042956951
    ],
    [
        14.309959400730502,
        227.45029140880308
    ],
    [
        -3.6649115186130546e-14,
        227.9
    ],
    [
        -14.309959400730525,
        227.45029140880308
    ],
    [
        -28.563443929304967,
        226.1029404295695
    ],
    [
        -42.70420159408669,
        223.86326444106814
    ],
    [
        -56.67642528487042,
        220.74010242121503
    ],
    [
        -70.42497301805055,
        216.7457800636655
    ],
    [
        -83.89558555683811,
        211.89606113393248
    ],
    [
        -97.03510054768007,
        206.21008525700583
    ],
    [
        -109.79166232778095,
        199.71029238199648
    ],
    [
        -122.1149265757134,
        192.4223342219092
    ],
    [
        -133.9562589974546,
        184.37497301805053
    ],
    [
        -145.2689272637264,
        175.59996802860238
    ],
    [
        -156.00828544114816,
        166.13195018933968
    ],
    [
        -166.13195018933973,
        156.0082854411481
    ],
    [
        -175.5999680286024,
        145.26892726372634
    ],
    [
        -184.3749730180505,
        133.95625899745465
    ],
    [
        -192.42233422190924,
        122.11492657571334
    ],
    [
        -199.7102923819965,
        109.7916623277809
    ],
    [
        -206.21008525700586,
        97.03510054768002
    ],
    [
        -211.8960611339325,
        83.89558555683806
    ],
    [
        -216.7457800636655,
        70.42497301805045
    ],
    [
        -220.74010242121503,
        56.67642528487042
    ],
    [
        -223.86326444106817,
        42.70420159408663
    ],
    [
        -226.10294042956951,
        28.563443929304903
    ],
    [
        -227.45029140880308,
        14.309959400730465
    ],
    [
        -227.9,
        -7.329823037226109e-14
    ],
    [
        -227.45029140880308,
        -14.309959400730511
    ],
    [
        -226.10294042956951,
        -28.56344392930495
    ],
    [
        -223.86326444106814,
        -42.704201594086676
    ],
    [
        -220.74010242121503,
        -56.67642528487046
    ],
    [
        -216.7457800636655,
        -70.4249730180506
    ],
    [
        -211.89606113393245,
        -83.89558555683818
    ],
    [
        -206.21008525700583,
        -97.03510054768006
    ],
    [
        -199.71029238199648,
        -109.79166232778094
    ],
    [
        -192.4223342219092,
        -122.11492657571337
    ],
    [
        -184.37497301805047,
        -133.95625899745468
    ],
    [
        -175.59996802860232,
        -145.26892726372645
    ],
    [
        -166.1319501893397,
        -156.00828544114816
    ],
    [
        -156.00828544114813,
        -166.1319501893397
    ],
    [
        -145.26892726372634,
        -175.5999680286024
    ],
    [
        -133.95625899745465,
        -184.3749730180505
    ],
    [
        -122.11492657571327,
        -192.4223342219093
    ],
    [
        -109.79166232778091,
        -199.7102923819965
    ],
    [
        -97.03510054767995,
        -206.21008525700591
    ],
    [
        -83.89558555683807,
        -211.8960611339325
    ],
    [
        -70.42497301805055,
        -216.7457800636655
    ],
    [
        -56.67642528487033,
        -220.74010242121506
    ],
    [
        -42.70420159408664,
        -223.86326444106817
    ],
    [
        -28.56344392930482,
        -226.10294042956951
    ],
    [
        -14.309959400730481,
        -227.45029140880308
    ],
    [
        -4.1864550828852265e-14,
        -227.9
    ],
    [
        14.309959400730598,
        -227.45029140880308
    ],
    [
        28.563443929304935,
        -226.10294042956951
    ],
    [
        42.704201594086754,
        -223.86326444106814
    ],
    [
        56.67642528487044,
        -220.74010242121503
    ],
    [
        70.42497301805048,
        -216.7457800636655
    ],
    [
        83.89558555683817,
        -211.89606113393245
    ],
    [
        97.03510054768005,
        -206.21008525700586
    ],
    [
        109.79166232778101,
        -199.71029238199645
    ],
    [
        122.11492657571337,
        -192.4223342219092
    ],
    [
        133.95625899745477,
        -184.37497301805044
    ],
    [
        145.26892726372645,
        -175.59996802860232
    ],
    [
        156.00828544114813,
        -166.1319501893397
    ],
    [
        166.13195018933976,
        -156.00828544114808
    ],
    [
        175.5999680286024,
        -145.26892726372637
    ],
    [
        184.3749730180506,
        -133.9562589974545
    ],
    [
        192.4223342219093,
        -122.11492657571327
    ],
    [
        199.7102923819965,
        -109.79166232778093
    ],
    [
        206.2100852570059,
        -97.03510054767996
    ],
    [
        211.8960611339325,
        -83.89558555683809
    ],
    [
        216.74578006366553,
        -70.42497301805038
    ],
    [
        220.74010242121506,
        -56.67642528487034
    ],
    [
        223.86326444106817,
        -42.704201594086655
    ],
    [
        226.10294042956951,
        -28.563443929304835
    ],
    [
        227.45029140880308,
        -14.309959400730493
    ],
    [
        227.9,
        0
    ]
]
      }
    },
    {
      "type": "Feature",
      "properties": {
        "name": "Jupiter Orbit",
        "type": "Orbit"
      },
      "geometry": {
        "type": "LineString",
        "coordinates": [
    [
        778.5,
        0
    ],
    [
        776.9638080814094,
        48.88241945357046
    ],
    [
        772.361294973321,
        97.57192232981086
    ],
    [
        764.7106246922841,
        145.87635340498662
    ],
    [
        754.0419909386393,
        193.60507715783945
    ],
    [
        740.397497935777,
        240.56973012089654
    ],
    [
        723.8309942640037,
        286.5849642650218
    ],
    [
        704.4078603447962,
        331.4691784834091
    ],
    [
        682.2047504141478,
        375.0452352881854
    ],
    [
        657.3092900033188,
        417.1411598911489
    ],
    [
        629.8197301208966,
        457.5908189096903
    ],
    [
        599.8445595009518,
        496.23457601935496
    ],
    [
        567.5020764475689,
        532.9199219654841
    ],
    [
        532.919921965484,
        567.5020764475689
    ],
    [
        496.2345760193549,
        599.844559500952
    ],
    [
        457.59081890969026,
        629.8197301208966
    ],
    [
        417.1411598911488,
        657.3092900033188
    ],
    [
        375.04523528818527,
        682.2047504141478
    ],
    [
        331.46917848340905,
        704.4078603447963
    ],
    [
        286.5849642650217,
        723.8309942640037
    ],
    [
        240.5697301208966,
        740.397497935777
    ],
    [
        193.60507715783942,
        754.0419909386393
    ],
    [
        145.87635340498653,
        764.7106246922841
    ],
    [
        97.57192232981086,
        772.361294973321
    ],
    [
        48.88241945357041,
        776.9638080814094
    ],
    [
        -1.2519234827732613e-13,
        778.5
    ],
    [
        -48.882419453570485,
        776.9638080814094
    ],
    [
        -97.57192232981095,
        772.3612949733209
    ],
    [
        -145.8763534049868,
        764.7106246922841
    ],
    [
        -193.6050771578395,
        754.0419909386393
    ],
    [
        -240.56973012089668,
        740.397497935777
    ],
    [
        -286.5849642650218,
        723.8309942640037
    ],
    [
        -331.4691784834091,
        704.4078603447962
    ],
    [
        -375.04523528818544,
        682.2047504141477
    ],
    [
        -417.1411598911491,
        657.3092900033187
    ],
    [
        -457.59081890969026,
        629.8197301208966
    ],
    [
        -496.23457601935496,
        599.844559500952
    ],
    [
        -532.9199219654841,
        567.5020764475688
    ],
    [
        -567.5020764475689,
        532.919921965484
    ],
    [
        -599.8445595009521,
        496.2345760193548
    ],
    [
        -629.8197301208965,
        457.5908189096904
    ],
    [
        -657.3092900033188,
        417.1411598911489
    ],
    [
        -682.2047504141478,
        375.04523528818527
    ],
    [
        -704.4078603447963,
        331.46917848340894
    ],
    [
        -723.8309942640037,
        286.58496426502165
    ],
    [
        -740.3974979357771,
        240.56973012089634
    ],
    [
        -754.0419909386393,
        193.60507715783947
    ],
    [
        -764.7106246922841,
        145.8763534049866
    ],
    [
        -772.361294973321,
        97.57192232981073
    ],
    [
        -776.9638080814094,
        48.88241945357028
    ],
    [
        -778.5,
        -2.503846965546523e-13
    ],
    [
        -776.9638080814094,
        -48.88241945357044
    ],
    [
        -772.361294973321,
        -97.57192232981089
    ],
    [
        -764.7106246922841,
        -145.87635340498673
    ],
    [
        -754.0419909386393,
        -193.60507715783962
    ],
    [
        -740.397497935777,
        -240.5697301208968
    ],
    [
        -723.8309942640036,
        -286.58496426502205
    ],
    [
        -704.4078603447962,
        -331.46917848340905
    ],
    [
        -682.2047504141477,
        -375.04523528818544
    ],
    [
        -657.3092900033187,
        -417.14115989114896
    ],
    [
        -629.8197301208965,
        -457.5908189096905
    ],
    [
        -599.8445595009517,
        -496.23457601935513
    ],
    [
        -567.5020764475689,
        -532.9199219654841
    ],
    [
        -532.919921965484,
        -567.5020764475689
    ],
    [
        -496.2345760193548,
        -599.8445595009521
    ],
    [
        -457.5908189096904,
        -629.8197301208965
    ],
    [
        -417.1411598911486,
        -657.3092900033189
    ],
    [
        -375.0452352881853,
        -682.2047504141478
    ],
    [
        -331.46917848340865,
        -704.4078603447964
    ],
    [
        -286.58496426502165,
        -723.8309942640037
    ],
    [
        -240.56973012089668,
        -740.397497935777
    ],
    [
        -193.6050771578392,
        -754.0419909386394
    ],
    [
        -145.87635340498662,
        -764.7106246922841
    ],
    [
        -97.57192232981045,
        -772.361294973321
    ],
    [
        -48.88241945357033,
        -776.9638080814094
    ],
    [
        -1.4300812997043216e-13,
        -778.5
    ],
    [
        48.88241945357073,
        -776.9638080814094
    ],
    [
        97.57192232981085,
        -772.361294973321
    ],
    [
        145.87635340498701,
        -764.7106246922841
    ],
    [
        193.60507715783956,
        -754.0419909386393
    ],
    [
        240.56973012089642,
        -740.3974979357771
    ],
    [
        286.584964265022,
        -723.8309942640036
    ],
    [
        331.469178483409,
        -704.4078603447963
    ],
    [
        375.04523528818567,
        -682.2047504141476
    ],
    [
        417.14115989114896,
        -657.3092900033187
    ],
    [
        457.59081890969077,
        -629.8197301208962
    ],
    [
        496.23457601935513,
        -599.8445595009517
    ],
    [
        532.919921965484,
        -567.5020764475689
    ],
    [
        567.5020764475692,
        -532.9199219654838
    ],
    [
        599.8445595009521,
        -496.2345760193549
    ],
    [
        629.8197301208969,
        -457.5908189096899
    ],
    [
        657.3092900033189,
        -417.1411598911486
    ],
    [
        682.2047504141478,
        -375.0452352881854
    ],
    [
        704.4078603447963,
        -331.4691784834087
    ],
    [
        723.8309942640037,
        -286.5849642650217
    ],
    [
        740.3974979357772,
        -240.56973012089608
    ],
    [
        754.0419909386394,
        -193.60507715783922
    ],
    [
        764.7106246922841,
        -145.87635340498667
    ],
    [
        772.361294973321,
        -97.57192232981049
    ],
    [
        776.9638080814094,
        -48.88241945357038
    ],
    [
        778.5,
        0
    ]
]
      }
    },
    {
      "type": "Feature",
      "properties": {
        "name": "Saturn Orbit",
        "type": "Orbit"
      },
      "geometry": {
        "type": "LineString",
        "coordinates": [
    [
        1433.5,
        0
    ],
    [
        1430.6713152019272,
        90.01020974527073
    ],
    [
        1422.196424334304,
        179.66519031443016
    ],
    [
        1408.1087739195752,
        268.6111144586363
    ],
    [
        1388.4639614778926,
        356.49695325081933
    ],
    [
        1363.3395161091025,
        442.9758614364871
    ],
    [
        1332.8345925208082,
        527.7065462734859
    ],
    [
        1297.0695797100389,
        610.3546144585317
    ],
    [
        1256.1856258428784,
        690.5938918248089
    ],
    [
        1210.3440812071385,
        768.1077106023918
    ],
    [
        1159.725861436487,
        842.5901591612602
    ],
    [
        1104.5307335190937,
        913.7472893047468
    ],
    [
        1044.9765274085935,
        981.2982763487753
    ],
    [
        981.2982763487752,
        1044.9765274085935
    ],
    [
        913.7472893047466,
        1104.530733519094
    ],
    [
        842.5901591612601,
        1159.725861436487
    ],
    [
        768.1077106023915,
        1210.3440812071385
    ],
    [
        690.5938918248087,
        1256.1856258428786
    ],
    [
        610.3546144585316,
        1297.069579710039
    ],
    [
        527.7065462734857,
        1332.8345925208084
    ],
    [
        442.97586143648715,
        1363.3395161091025
    ],
    [
        356.4969532508193,
        1388.4639614778926
    ],
    [
        268.6111144586361,
        1408.1087739195752
    ],
    [
        179.66519031443016,
        1422.196424334304
    ],
    [
        90.01020974527063,
        1430.6713152019272
    ],
    [
        -2.3052438183114584e-13,
        1433.5
    ],
    [
        -90.01020974527076,
        1430.6713152019272
    ],
    [
        -179.6651903144303,
        1422.1964243343039
    ],
    [
        -268.6111144586365,
        1408.108773919575
    ],
    [
        -356.49695325081944,
        1388.4639614778926
    ],
    [
        -442.9758614364873,
        1363.3395161091025
    ],
    [
        -527.7065462734859,
        1332.8345925208082
    ],
    [
        -610.3546144585317,
        1297.0695797100389
    ],
    [
        -690.593891824809,
        1256.1856258428784
    ],
    [
        -768.107710602392,
        1210.3440812071385
    ],
    [
        -842.5901591612601,
        1159.725861436487
    ],
    [
        -913.7472893047468,
        1104.530733519094
    ],
    [
        -981.2982763487753,
        1044.9765274085933
    ],
    [
        -1044.9765274085937,
        981.298276348775
    ],
    [
        -1104.5307335190942,
        913.7472893047465
    ],
    [
        -1159.725861436487,
        842.5901591612604
    ],
    [
        -1210.3440812071385,
        768.1077106023918
    ],
    [
        -1256.1856258428784,
        690.5938918248088
    ],
    [
        -1297.069579710039,
        610.3546144585314
    ],
    [
        -1332.8345925208084,
        527.7065462734855
    ],
    [
        -1363.3395161091028,
        442.9758614364867
    ],
    [
        -1388.4639614778926,
        356.4969532508194
    ],
    [
        -1408.1087739195752,
        268.61111445863617
    ],
    [
        -1422.196424334304,
        179.6651903144299
    ],
    [
        -1430.6713152019272,
        90.01020974527039
    ],
    [
        -1433.5,
        -4.610487636622917e-13
    ],
    [
        -1430.6713152019272,
        -90.01020974527069
    ],
    [
        -1422.196424334304,
        -179.6651903144302
    ],
    [
        -1408.108773919575,
        -268.61111445863645
    ],
    [
        -1388.4639614778926,
        -356.4969532508197
    ],
    [
        -1363.3395161091025,
        -442.97586143648755
    ],
    [
        -1332.8345925208082,
        -527.7065462734863
    ],
    [
        -1297.0695797100389,
        -610.3546144585316
    ],
    [
        -1256.1856258428784,
        -690.593891824809
    ],
    [
        -1210.3440812071385,
        -768.1077106023919
    ],
    [
        -1159.7258614364869,
        -842.5901591612605
    ],
    [
        -1104.5307335190935,
        -913.747289304747
    ],
    [
        -1044.9765274085935,
        -981.2982763487753
    ],
    [
        -981.2982763487752,
        -1044.9765274085935
    ],
    [
        -913.7472893047465,
        -1104.5307335190942
    ],
    [
        -842.5901591612604,
        -1159.725861436487
    ],
    [
        -768.1077106023912,
        -1210.344081207139
    ],
    [
        -690.5938918248088,
        -1256.1856258428784
    ],
    [
        -610.3546144585309,
        -1297.0695797100393
    ],
    [
        -527.7065462734856,
        -1332.8345925208084
    ],
    [
        -442.9758614364873,
        -1363.3395161091025
    ],
    [
        -356.4969532508188,
        -1388.4639614778928
    ],
    [
        -268.6111144586363,
        -1408.1087739195752
    ],
    [
        -179.6651903144294,
        -1422.196424334304
    ],
    [
        -90.01020974527049,
        -1430.6713152019272
    ],
    [
        -2.633296779866596e-13,
        -1433.5
    ],
    [
        90.01020974527123,
        -1430.6713152019272
    ],
    [
        179.6651903144301,
        -1422.196424334304
    ],
    [
        268.61111445863696,
        -1408.108773919575
    ],
    [
        356.49695325081956,
        -1388.4639614778926
    ],
    [
        442.97586143648687,
        -1363.3395161091028
    ],
    [
        527.7065462734863,
        -1332.8345925208082
    ],
    [
        610.3546144585316,
        -1297.069579710039
    ],
    [
        690.5938918248095,
        -1256.1856258428782
    ],
    [
        768.1077106023919,
        -1210.3440812071385
    ],
    [
        842.590159161261,
        -1159.7258614364866
    ],
    [
        913.747289304747,
        -1104.5307335190935
    ],
    [
        981.2982763487752,
        -1044.9765274085935
    ],
    [
        1044.976527408594,
        -981.2982763487746
    ],
    [
        1104.5307335190942,
        -913.7472893047466
    ],
    [
        1159.7258614364875,
        -842.5901591612594
    ],
    [
        1210.344081207139,
        -768.1077106023912
    ],
    [
        1256.1856258428784,
        -690.5938918248089
    ],
    [
        1297.0695797100393,
        -610.354614458531
    ],
    [
        1332.8345925208084,
        -527.7065462734857
    ],
    [
        1363.339516109103,
        -442.97586143648624
    ],
    [
        1388.4639614778928,
        -356.49695325081893
    ],
    [
        1408.1087739195752,
        -268.61111445863634
    ],
    [
        1422.196424334304,
        -179.66519031442948
    ],
    [
        1430.6713152019272,
        -90.01020974527056
    ],
    [
        1433.5,
        0
    ]
]
      }
    },
    {
      "type": "Feature",
      "properties": {
        "name": "Uranus Orbit",
        "type": "Orbit"
      },
      "geometry": {
        "type": "LineString",
        "coordinates": [
    [
        2872.5,
        0
    ],
    [
        2866.83177741021,
        180.36576734795267
    ],
    [
        2849.8494795258375,
        360.019713413464
    ],
    [
        2821.6201277181585,
        538.252826147494
    ],
    [
        2782.2551303419928,
        714.3617008810454
    ],
    [
        2731.9098430578283,
        887.6513163420364
    ],
    [
        2670.782955714002,
        1057.4377775867374
    ],
    [
        2599.115708208641,
        1223.0510150206715
    ],
    [
        2517.190938425998,
        1383.8374288571772
    ],
    [
        2425.331966004538,
        1539.1624685771678
    ],
    [
        2323.9013163420364,
        1688.413137210129
    ],
    [
        2213.299289873454,
        1831.0004105531114
    ],
    [
        2093.9623822680046,
        1966.3615617801584
    ],
    [
        1966.3615617801581,
        2093.9623822680046
    ],
    [
        1831.000410553111,
        2213.2992898734547
    ],
    [
        1688.4131372101288,
        2323.9013163420364
    ],
    [
        1539.1624685771676,
        2425.331966004538
    ],
    [
        1383.8374288571767,
        2517.1909384259984
    ],
    [
        1223.0510150206712,
        2599.115708208641
    ],
    [
        1057.4377775867372,
        2670.782955714002
    ],
    [
        887.6513163420366,
        2731.9098430578283
    ],
    [
        714.3617008810453,
        2782.2551303419928
    ],
    [
        538.2528261474937,
        2821.6201277181585
    ],
    [
        360.019713413464,
        2849.8494795258375
    ],
    [
        180.36576734795247,
        2866.83177741021
    ],
    [
        -4.619332311196138e-13,
        2872.5
    ],
    [
        -180.36576734795275,
        2866.83177741021
    ],
    [
        -360.0197134134643,
        2849.8494795258375
    ],
    [
        -538.2528261474946,
        2821.620127718158
    ],
    [
        -714.3617008810455,
        2782.2551303419928
    ],
    [
        -887.6513163420369,
        2731.9098430578283
    ],
    [
        -1057.4377775867374,
        2670.782955714002
    ],
    [
        -1223.0510150206715,
        2599.115708208641
    ],
    [
        -1383.8374288571777,
        2517.190938425998
    ],
    [
        -1539.1624685771685,
        2425.331966004538
    ],
    [
        -1688.4131372101288,
        2323.9013163420364
    ],
    [
        -1831.0004105531114,
        2213.2992898734547
    ],
    [
        -1966.3615617801584,
        2093.962382268004
    ],
    [
        -2093.962382268005,
        1966.3615617801577
    ],
    [
        -2213.299289873455,
        1831.0004105531107
    ],
    [
        -2323.9013163420364,
        1688.4131372101294
    ],
    [
        -2425.331966004538,
        1539.1624685771678
    ],
    [
        -2517.190938425998,
        1383.837428857177
    ],
    [
        -2599.115708208641,
        1223.0510150206708
    ],
    [
        -2670.782955714002,
        1057.437777586737
    ],
    [
        -2731.9098430578288,
        887.6513163420356
    ],
    [
        -2782.2551303419928,
        714.3617008810455
    ],
    [
        -2821.6201277181585,
        538.2528261474938
    ],
    [
        -2849.8494795258375,
        360.0197134134635
    ],
    [
        -2866.83177741021,
        180.365767347952
    ],
    [
        -2872.5,
        -9.238664622392276e-13
    ],
    [
        -2866.83177741021,
        -180.36576734795258
    ],
    [
        -2849.8494795258375,
        -360.01971341346405
    ],
    [
        -2821.620127718158,
        -538.2528261474944
    ],
    [
        -2782.2551303419928,
        -714.3617008810461
    ],
    [
        -2731.9098430578283,
        -887.6513163420374
    ],
    [
        -2670.7829557140017,
        -1057.4377775867385
    ],
    [
        -2599.115708208641,
        -1223.0510150206712
    ],
    [
        -2517.190938425998,
        -1383.8374288571774
    ],
    [
        -2425.331966004538,
        -1539.1624685771683
    ],
    [
        -2323.901316342036,
        -1688.4131372101297
    ],
    [
        -2213.299289873454,
        -1831.000410553112
    ],
    [
        -2093.9623822680046,
        -1966.3615617801584
    ],
    [
        -1966.3615617801581,
        -2093.9623822680046
    ],
    [
        -1831.0004105531107,
        -2213.299289873455
    ],
    [
        -1688.4131372101294,
        -2323.9013163420364
    ],
    [
        -1539.162468577167,
        -2425.331966004539
    ],
    [
        -1383.8374288571772,
        -2517.190938425998
    ],
    [
        -1223.0510150206699,
        -2599.115708208642
    ],
    [
        -1057.437777586737,
        -2670.782955714002
    ],
    [
        -887.6513163420369,
        -2731.9098430578283
    ],
    [
        -714.3617008810444,
        -2782.255130341993
    ],
    [
        -538.252826147494,
        -2821.6201277181585
    ],
    [
        -360.01971341346245,
        -2849.8494795258375
    ],
    [
        -180.3657673479522,
        -2866.83177741021
    ],
    [
        -5.276696895826157e-13,
        -2872.5
    ],
    [
        180.36576734795366,
        -2866.83177741021
    ],
    [
        360.0197134134639,
        -2849.8494795258375
    ],
    [
        538.2528261474954,
        -2821.620127718158
    ],
    [
        714.3617008810457,
        -2782.2551303419928
    ],
    [
        887.6513163420359,
        -2731.9098430578288
    ],
    [
        1057.4377775867383,
        -2670.7829557140017
    ],
    [
        1223.051015020671,
        -2599.115708208641
    ],
    [
        1383.8374288571783,
        -2517.1909384259975
    ],
    [
        1539.1624685771683,
        -2425.331966004538
    ],
    [
        1688.4131372101306,
        -2323.9013163420354
    ],
    [
        1831.000410553112,
        -2213.299289873454
    ],
    [
        1966.3615617801581,
        -2093.9623822680046
    ],
    [
        2093.9623822680055,
        -1966.361561780157
    ],
    [
        2213.299289873455,
        -1831.000410553111
    ],
    [
        2323.9013163420377,
        -1688.4131372101274
    ],
    [
        2425.331966004539,
        -1539.162468577167
    ],
    [
        2517.190938425998,
        -1383.8374288571772
    ],
    [
        2599.1157082086415,
        -1223.0510150206699
    ],
    [
        2670.782955714002,
        -1057.4377775867372
    ],
    [
        2731.909843057829,
        -887.6513163420346
    ],
    [
        2782.255130341993,
        -714.3617008810445
    ],
    [
        2821.6201277181585,
        -538.2528261474941
    ],
    [
        2849.8494795258375,
        -360.0197134134626
    ],
    [
        2866.83177741021,
        -180.36576734795236
    ],
    [
        2872.5,
        0
    ]
]
      }
    },
    {
      "type": "Feature",
      "properties": {
        "name": "Neptune Orbit",
        "type": "Orbit"
      },
      "geometry": {
        "type": "LineString",
        "coordinates": [
    [
        4495.1,
        0
    ],
    [
        4486.229946957924,
        282.2496643362166
    ],
    [
        4459.65479387871,
        563.3854181949041
    ],
    [
        4415.479420750529,
        842.2977471942909
    ],
    [
        4353.87816758931,
        1117.8859117947388
    ],
    [
        4275.094146398345,
        1389.0622914148262
    ],
    [
        4179.438281716279,
        1654.756676772896
    ],
    [
        4067.288083540004,
        1913.9204935141586
    ],
    [
        3939.0861574651717,
        2165.5309404546206
    ],
    [
        3795.3384579241083,
        2408.595026110088
    ],
    [
        3636.6122914148264,
        2642.153487579896
    ],
    [
        3463.53407760145,
        2865.2845763193354
    ],
    [
        3276.7868771219873,
        3077.107695860049
    ],
    [
        3077.1076958600484,
        3276.7868771219873
    ],
    [
        2865.284576319335,
        3463.5340776014505
    ],
    [
        2642.1534875798957,
        3636.6122914148264
    ],
    [
        2408.5950261100875,
        3795.3384579241083
    ],
    [
        2165.53094045462,
        3939.086157465172
    ],
    [
        1913.9204935141584,
        4067.288083540005
    ],
    [
        1654.7566767728956,
        4179.43828171628
    ],
    [
        1389.0622914148264,
        4275.094146398345
    ],
    [
        1117.8859117947386,
        4353.87816758931
    ],
    [
        842.2977471942903,
        4415.479420750529
    ],
    [
        563.3854181949041,
        4459.65479387871
    ],
    [
        282.24966433621626,
        4486.229946957924
    ],
    [
        -7.228672122561448e-13,
        4495.1
    ],
    [
        -282.2496643362167,
        4486.229946957924
    ],
    [
        -563.3854181949046,
        4459.654793878709
    ],
    [
        -842.2977471942917,
        4415.479420750528
    ],
    [
        -1117.885911794739,
        4353.87816758931
    ],
    [
        -1389.0622914148269,
        4275.094146398345
    ],
    [
        -1654.756676772896,
        4179.438281716279
    ],
    [
        -1913.9204935141586,
        4067.288083540004
    ],
    [
        -2165.530940454621,
        3939.086157465171
    ],
    [
        -2408.595026110089,
        3795.338457924108
    ],
    [
        -2642.1534875798957,
        3636.6122914148264
    ],
    [
        -2865.2845763193354,
        3463.5340776014505
    ],
    [
        -3077.107695860049,
        3276.786877121987
    ],
    [
        -3276.786877121988,
        3077.107695860048
    ],
    [
        -3463.534077601451,
        2865.2845763193345
    ],
    [
        -3636.612291414826,
        2642.1534875798966
    ],
    [
        -3795.3384579241083,
        2408.595026110088
    ],
    [
        -3939.0861574651717,
        2165.53094045462
    ],
    [
        -4067.288083540005,
        1913.9204935141574
    ],
    [
        -4179.43828171628,
        1654.7566767728952
    ],
    [
        -4275.094146398345,
        1389.0622914148248
    ],
    [
        -4353.87816758931,
        1117.885911794739
    ],
    [
        -4415.479420750529,
        842.2977471942907
    ],
    [
        -4459.65479387871,
        563.3854181949034
    ],
    [
        -4486.229946957924,
        282.2496643362155
    ],
    [
        -4495.1,
        -1.4457344245122899e-12
    ],
    [
        -4486.229946957924,
        -282.2496643362164
    ],
    [
        -4459.65479387871,
        -563.3854181949042
    ],
    [
        -4415.479420750528,
        -842.2977471942914
    ],
    [
        -4353.87816758931,
        -1117.88591179474
    ],
    [
        -4275.094146398345,
        -1389.0622914148275
    ],
    [
        -4179.438281716279,
        -1654.7566767728977
    ],
    [
        -4067.288083540004,
        -1913.9204935141584
    ],
    [
        -3939.086157465171,
        -2165.530940454621
    ],
    [
        -3795.338457924108,
        -2408.5950261100884
    ],
    [
        -3636.6122914148254,
        -2642.153487579897
    ],
    [
        -3463.5340776014496,
        -2865.2845763193363
    ],
    [
        -3276.7868771219873,
        -3077.107695860049
    ],
    [
        -3077.1076958600484,
        -3276.7868771219873
    ],
    [
        -2865.2845763193345,
        -3463.534077601451
    ],
    [
        -2642.1534875798966,
        -3636.612291414826
    ],
    [
        -2408.5950261100866,
        -3795.338457924109
    ],
    [
        -2165.5309404546206,
        -3939.0861574651717
    ],
    [
        -1913.920493514156,
        -4067.288083540006
    ],
    [
        -1654.7566767728954,
        -4179.43828171628
    ],
    [
        -1389.0622914148269,
        -4275.094146398345
    ],
    [
        -1117.8859117947372,
        -4353.878167589311
    ],
    [
        -842.2977471942909,
        -4415.479420750529
    ],
    [
        -563.3854181949017,
        -4459.65479387871
    ],
    [
        -282.2496643362158,
        -4486.229946957924
    ],
    [
        -8.257364740270902e-13,
        -4495.1
    ],
    [
        282.24966433621813,
        -4486.229946957924
    ],
    [
        563.385418194904,
        -4459.65479387871
    ],
    [
        842.297747194293,
        -4415.479420750528
    ],
    [
        1117.8859117947395,
        -4353.87816758931
    ],
    [
        1389.0622914148255,
        -4275.094146398345
    ],
    [
        1654.7566767728974,
        -4179.438281716279
    ],
    [
        1913.9204935141581,
        -4067.288083540005
    ],
    [
        2165.5309404546224,
        -3939.0861574651703
    ],
    [
        2408.5950261100884,
        -3795.338457924108
    ],
    [
        2642.153487579899,
        -3636.6122914148245
    ],
    [
        2865.2845763193363,
        -3463.5340776014496
    ],
    [
        3077.1076958600484,
        -3276.7868771219873
    ],
    [
        3276.7868771219887,
        -3077.107695860047
    ],
    [
        3463.534077601451,
        -2865.284576319335
    ],
    [
        3636.612291414828,
        -2642.153487579894
    ],
    [
        3795.338457924109,
        -2408.5950261100866
    ],
    [
        3939.0861574651717,
        -2165.5309404546206
    ],
    [
        4067.2880835400056,
        -1913.9204935141563
    ],
    [
        4179.43828171628,
        -1654.7566767728956
    ],
    [
        4275.094146398346,
        -1389.0622914148234
    ],
    [
        4353.878167589311,
        -1117.8859117947375
    ],
    [
        4415.479420750529,
        -842.2977471942911
    ],
    [
        4459.65479387871,
        -563.385418194902
    ],
    [
        4486.229946957924,
        -282.2496643362161
    ],
    [
        4495.1,
        0
    ]
]
      }
    }
  ]
}
